<?xml version="1.0"?>
<Interface Version="1" Minor="1">
	<Ifc Id="ROOT" Top="1">
		<Bus Id="switch">
			<Port Id="0" Dir="IN"/>
			<Port Id="1" Dir="IN"/>
			<Port Id="2" Dir="IN"/>
			<Port Id="3" Dir="IN"/>
			<Port Id="4" Dir="IN"/>
			<Port Id="5" Dir="IN"/>
			<Port Id="6" Dir="IN"/>
			<Port Id="7" Dir="IN"/>
		</Bus>
		<Bus Id="r">
			<Port Id="0" Dir="OUT"/>
			<Port Id="1" Dir="OUT"/>
			<Port Id="2" Dir="OUT"/>
		</Bus>
		<Bus Id="g">
			<Port Id="0" Dir="OUT"/>
			<Port Id="1" Dir="OUT"/>
			<Port Id="2" Dir="OUT"/>
		</Bus>
		<Bus Id="b">
			<Port Id="0" Dir="OUT"/>
			<Port Id="1" Dir="OUT"/>
		</Bus>
		<Bus Id="led">
			<Port Id="0" Dir="OUT"/>
			<Port Id="1" Dir="OUT"/>
			<Port Id="2" Dir="OUT"/>
			<Port Id="3" Dir="OUT"/>
			<Port Id="4" Dir="OUT"/>
			<Port Id="5" Dir="OUT"/>
			<Port Id="6" Dir="OUT"/>
			<Port Id="7" Dir="OUT"/>
		</Bus>
		<Port Id="clk" Dir="IN"/>
		<Port Id="keyclk" Dir="IN"/>
		<Port Id="keyinput" Dir="IN"/>
		<Port Id="rst" Dir="IN"/>
		<Port Id="hs" Dir="OUT"/>
		<Port Id="vs" Dir="OUT"/>
	</Ifc>
</Interface>

